codice_comune_istat,href,text,comune
081001,https://form.agid.gov.it/view/4a6b4150-d09d-11ee-8a49-1f06de86f03c,Dichiarazione di accessibilità,Alcamo
081001,https://form.agid.gov.it/view/4a6b4150-d09d-11ee-8a49-1f06de86f03c,Accessibilità,Alcamo
081002,https://form.agid.gov.it/view/31e19d40-7652-11ef-81fc-43b3d79bfbc8,Dichiarazione di accessibilità,Buseto Palizzolo
081002,https://form.agid.gov.it/view/31e19d40-7652-11ef-81fc-43b3d79bfbc8,Accessibilità,Buseto Palizzolo
081003,https://form.agid.gov.it/view/706e73e6-0bdf-46b9-8a6e-71ebfdd9b01c,Dichiarazione di accessibilità,Calatafimi-Segesta
081004,https://form.agid.gov.it/view/2ed63e40-8164-11ef-ab70-97e8f1667e8e,Dichiarazione di accessibilità,Campobello di Mazara
081005,https://form.agid.gov.it/view/d2272890-75a5-11ef-8535-912bbe754dda,Dichiarazione di accessibilità,Castellammare del Golfo
081005,https://www.comune.castellammare.tp.it/feedback-accessibilita/,Feedback accessibilità,Castellammare del Golfo
081006,https://form.agid.gov.it/view/0bea3310-ea82-11ee-aa5d-4769c873390e,Obiettivi di Accessibilità,Castelvetrano
081006,https://form.agid.gov.it/view/302dda80-71b7-11ef-8560-cb77dbff29d9,Dichiarazione di Accessibilità,Castelvetrano
081006,https://comune.castelvetrano.tp.it/segnalazioni-in-tema-di-accessibilita/14,Feeedback Accessibilità,Castelvetrano
081007,https://form.agid.gov.it/view/e50b0143-ca6d-42c7-9c15-5125d3b65802/,Dichiarazione di accessibilità,Custonaci
081007,https://form.agid.gov.it/view/e50b0143-ca6d-42c7-9c15-5125d3b65802,Accessibilità,Custonaci
081008,https://form.agid.gov.it/view/cdcfa370-a346-11ef-849f-375e501f2786,Dichiarazione di accessibilità,Erice
081008,https://form.agid.gov.it/view/cdcfa370-a346-11ef-849f-375e501f2786,Accessibilità,Erice
081009,https://form.agid.gov.it/view/eccb8b3d-4b80-4a9d-be09-922bd3926036/,Dichiarazione di accessibilità,Favignana
081009,https://form.agid.gov.it/view/eccb8b3d-4b80-4a9d-be09-922bd3926036,Accessibilità,Favignana
081010,https://form.agid.gov.it/view/b278c742-14d5-44e1-ab16-c2e4ff57ef33,Dichiarazione di accessibilità,Gibellina
081011,https://form.agid.gov.it/view/85ca5da0-7019-11ef-bd1a-d31c65ec98f4,Dichiarazione di accessibilità,Marsala
081011,https://form.agid.gov.it/view/85ca5da0-7019-11ef-bd1a-d31c65ec98f4,Accessibilità,Marsala
081012,https://form.agid.gov.it/view/bccb0c70-5a28-11ef-8760-292e9dae982e,Dichiarazione di accessibilità,Mazara del Vallo
081012,https://form.agid.gov.it/view/bccb0c70-5a28-11ef-8760-292e9dae982e,Accessibilità,Mazara del Vallo
081013,https://form.agid.gov.it/view/a7f5306e-2369-4fea-8d05-1a1fda924825,Dichiarazione di accessibilità,Paceco
081014,https://form.agid.gov.it/view/5dbd1090-7669-11ef-8149-13f39a6a9f78,Dichiarazione di accessibilità,Pantelleria
081015,https://form.agid.gov.it/view/84f25500-7b0d-11ef-a657-9d10fbc4b31d,Dichiarazione di accessibilità,Partanna
081016,https://form.agid.gov.it/view/3764c9c0-7988-11ef-8144-2bf839156c3e,Dichiarazione di accessibilità,Poggioreale
081017,https://form.agid.gov.it/view/b51dfb4e-70ca-456d-9c06-660da39a7f73,Dichiarazione di accessibilità,Salaparuta
081018,https://form.agid.gov.it/view/e5175a30-a0e2-11ee-960c-1fd06e9b3f15,Dichiarazione di accessibilità,Salemi
081018,https://form.agid.gov.it/view/e5175a30-a0e2-11ee-960c-1fd06e9b3f15,Accessibilità,Salemi
081019,https://form.agid.gov.it/view/a0c61e50-79d8-11ef-b8c7-2dcdd7a77cfa,Dichiarazione di Accessibilità,Santa Ninfa
081020,https://form.agid.gov.it/view/306eb600-04e1-11f0-8067-016481e32306,Dichiarazione di accessibilità,San Vito Lo Capo
081020,https://form.agid.gov.it/view/8655ba27-273d-4f24-9c55-333a9fa200cf,Accessibilità,San Vito Lo Capo
081021,https://www.comune.trapani.it/segnalazioni-in-tema-di-accessibilita/,Feedback accessibilità,Trapani
081021,https://form.agid.gov.it/view/e21521b0-79b2-11ef-a505-b58e6ce45f7f,Dichiarazione di accessibilità,Trapani
081022,https://form.agid.gov.it/view/991b8a00-92a6-11ef-a1ab-f742622fbce1,Dichiarazione di accessibilità,Valderice
081022,https://form.agid.gov.it/view/991b8a00-92a6-11ef-a1ab-f742622fbce1,Accessibilità,Valderice
081023,https://form.agid.gov.it/view/764e3450-7b0e-11ef-8f08-c55168851bce,Dichiarazione di accessibilità,Vita
081023,https://form.agid.gov.it/view/764e3450-7b0e-11ef-8f08-c55168851bce,Accessibilità,Vita
081024,#,Dichiarazione di accessibilità,Petrosino
081025,https://www.comune.misiliscemi.tp.it/segnalazioni-in-tema-di-accessibilita/,Feedback accessibilità,Misiliscemi
082001,https://form.agid.gov.it/view/0670bd40-0bc5-11f0-b37c-9f9e94e14b19,Dichiarazione di accessibilità,Alia
082003,https://form.agid.gov.it/view/d870769c-9764-4e13-9e75-7fc4e2463713,Dichiarazione di accessibilità,Aliminusa
082004,https://form.agid.gov.it/view/b93467f0-065d-11f0-b2d6-074ce3a4a578,Dichiarazione di accessibilità,Altavilla Milicia
082004,https://form.agid.gov.it/view/4c405b80-92a5-11ef-9e32-c913a87884f3,Accessibilità,Altavilla Milicia
082006,https://www.comune.bagheria.pa.it/it/accessibility,Accessibilità,Bagheria
082006,https://form.agid.gov.it/view/06eeffe0-7465-11ef-a46b-53f0d9f0410b,Dichiarazione di accessibilità,Bagheria
082006,https://www.comune.bagheria.pa.it/it/page/accessibilita-feedback-e-recapiti?,Feedback accessibilità,Bagheria
082007,https://form.agid.gov.it/view/298a5fa0-a8c6-11ef-b7a6-0f886e084d8b,Dichiarazione di accessibilità,Balestrate
082007,https://www.comune.balestrate.pa.it/feedback-accessibilita/,Feedback accessibilità,Balestrate
082008,https://form.agid.gov.it/view/d3ae69d0-0579-11f0-a830-79aeaa4067a4,Dichirazione di accessibilità,Baucina
082010,https://x,Dichiarazione di accessibilità,Bisacquino
082010,https://x,Obiettivi di accessibilità,Bisacquino
082011,https://servizionline.comune.bolognetta.pa.it/urbi/progs/urp/ur1UR033.sto?DB_NAME=wt00037934&w3cbt=S," Amministrazione Trasparente L'Amministrazione Trasparente del comune è una sezione online che pubblica documenti, informazioni e dati per garantire trasparenza, legalità e accessibilità sulle attività e decisioni dell'ente pubblico.",Bolognetta
082011,https://servizi.comune.bolognetta.pa.it/content/landingcontent/?amministrazionetrasparente," Amministrazione Trasparente fino al 25/02/2025 L'Amministrazione Trasparente del comune è una sezione online che pubblica documenti, informazioni e dati per garantire trasparenza, legalità e accessibilità sulle attività e decisioni dell'ente pubblico.",Bolognetta
082011,https://form.agid.gov.it/view/906785d0-71a9-11ef-bd06-2176ebbf9f58,Dichiarazione di accessibilità,Bolognetta
082011,javascript:void(0);,Open toolbar Tool di Accessibilità ,Bolognetta
082012,https://form.agid.gov.it/view/c75774e0-798a-11ef-aba7-4d2d4cbcb984,Dichiarazione di accessibilità,Bompietro
082012,https://form.agid.gov.it/view/c75774e0-798a-11ef-aba7-4d2d4cbcb984,Accessibilità,Bompietro
082013,#,Dichiarazione di accessibilità,Borgetto
082014,https://form.agid.gov.it/view/d170e6c0-c673-11ee-92e7-c757ce73cfd2,Dichiarazione di accessibilità,Caccamo
082015,https://www.comune.caltavuturo.pa.it/accessibilita/,Accessibilità,Caltavuturo
082016,https://form.agid.gov.it/view/394a8b9a-a34b-4a43-b759-adc4812a2128,Accessibilità,Campofelice di Fitalia
082016,/dichiarazione-accessibilita,Dichiarazione di accessibilità,Campofelice di Fitalia
082018,https://form.agid.gov.it/view/6ffc9480-c3ed-40a4-84b2-6b18455cc9a5,Dichiarazione di accessibilità,Campofiorito
082019,https://form.agid.gov.it/view/4ad1bee0-0a1b-11f0-8a2d-0b7ecc480746,Dichiarazione di Accessibilità,Camporeale
082021,https://form.agid.gov.it/view/b8feed8b-9c89-4642-aad7-ac430cacbc96/,Dichiarazione di accessibilità,Carini
082021,https://form.agid.gov.it/view/b8feed8b-9c89-4642-aad7-ac430cacbc96,Accessibilità,Carini
082022,https://form.agid.gov.it/view/621e4d30-9157-11ef-a568-2d351f1b085e,Dichiarazione di accessibilità,Castelbuono
082023,http://www.onlinepa.info/index.php?page=moduli&mod=6&ente=93, Amministrazione Trasparente La trasparenza è accessibilità totale ai dati e ai documenti in possesso della pubblica amministrazione.,Casteldaccia
082023,https://form.agid.gov.it/view/0253e390-fff4-11ef-ad06-a73430267282,Dichiarazione di accessibilità,Casteldaccia
082023,javascript:void(0);,Open toolbar Tool di Accessibilità ,Casteldaccia
082024,https://form.agid.gov.it/view/986f7cb0-8f9f-11ef-8d42-b1fd761f2607,Dichiarazione di accessibilità,Castellana Sicula
082024,https://www.comune.castellana-sicula.pa.it/feedback-accessibilita/,Feedback accessibilità,Castellana Sicula
082025,https://form.agid.gov.it/view/f11966e0-fe4f-11ef-8351-390bea0109d9,Dichiarazione di accessibilità,Castronovo di Sicilia
082026,https://form.agid.gov.it/view/a4f8f8e0-fe21-11ee-8384-6d0159624dcb,Dichiarazione di accessibilità,Cefalà Diana
082026,https://www.comune.cefaladiana.pa.it/feedback-accessibilita/,Feedback accessibilità,Cefalà Diana
082027,https://www.comune.cefalu.pa.it/accessibilita/,Accessibilità,Cefalù
082028,https://servizi.comune.cerda.pa.it/cerda/zf/index.php/trasparenza/index/index," Amministrazione Trasparente L'Amministrazione Trasparente del comune è una sezione online che pubblica documenti, informazioni e dati per garantire trasparenza, legalità e accessibilità sulle attività e decisioni dell'ente pubblico.",Cerda
082028,https://form.agid.gov.it/view/a292c460-ed0d-11ef-b34e-e3750d8d0386,Dichiarazione di accessibilità,Cerda
082028,javascript:void(0);,Open toolbar Tool di Accessibilità ,Cerda
082029,https://form.agid.gov.it/view/d89ec3f0-8f94-11ef-9c88-47d2eae30423,Dichiarazione di accessibilità,Chiusa Sclafani
082029,https://www.comune.chiusasclafani.pa.it/feedback-accessibilita/,Feedback accessibilità,Chiusa Sclafani
082030,https://form.agid.gov.it/view/ef54f820-95e4-11ef-9f2c-4bdf25a67b6e,Dichiarazione di accessibilità,Ciminna
082031,https://form.agid.gov.it/view/069380f0-743a-11ef-a17d-abeb94660df3,Dichiarazione di accessibilità,Cinisi
082032,/index.php/dichiarazione-di-accessibilita,Dichiarazione di accessibilità,Collesano
082033,https://servizionline.comune.contessaentellina.pa.it/urbi/progs/urp/ur1UR033.sto?DB_NAME=wt00033459, Amministrazione Trasparente La trasparenza è accessibilità totale ai dati e ai documenti in possesso della pubblica amministrazione.,Contessa Entellina
082033,https://form.agid.gov.it/view/926f0270-ffef-11ef-ae23-13aff90f5faa,Dichiarazione di accessibilità,Contessa Entellina
082034,https://form.agid.gov.it/view/96ada978-9e10-4b7b-9b1a-50b33377e161,Dichiarazione di accessibilità,Corleone
082034,javascript:void(0);,Open toolbar Tool di Accessibilità ,Corleone
082035,https://ficarazzi.comuneweb.it/Content/landingContent/?AmministrazioneTrasparente,Amministrazione Trasparente La trasparenza è accessibilità totale ai dati e ai documenti in possesso della pubblica amministrazione.,Ficarazzi
082035,https://form.agid.gov.it/view/488709f0-758e-11ef-b119-a3d06089ebc2,Dichiarazione di accessibilità,Ficarazzi
082035,https://form.agid.gov.it/view/ae883940-0a2b-11f0-be1f-191f9cbc2ffd,Obiettivi di accessibilità,Ficarazzi
082036,https://form.agid.gov.it/view/2f00fe90-772e-11ef-83b7-4dc317ed7074,Dichiarazione di accessibilità,Gangi
082036,https://form.agid.gov.it/view/9a4a9f00-edb1-11ee-a160-ff8cad37382c,Obiettivi di accessibilità,Gangi
082037,https://form.agid.gov.it/view/e129fec0-a10c-11ef-ade2-134e8f95540d,Dichiarazione di accessibilità,Geraci Siculo
082037,https://form.agid.gov.it/view/e129fec0-a10c-11ef-ade2-134e8f95540d,Accessibilità,Geraci Siculo
082038,https://form.agid.gov.it/view/83b2aa40-652e-11ef-88bd-55ad0344b79e,Dichiarazione di accessibilità,Giardinello
082038,https://form.agid.gov.it/view/83b2aa40-652e-11ef-88bd-55ad0344b79e,Accessibilità,Giardinello
082039,https://form.agid.gov.it/view/35d12b40-8f9e-11ef-b915-15bfa1ba7065,Dichiarazione di accessibilità,Giuliana
082040,https://servizionline.comune.godrano.pa.it/urbi/progs/urp/ur1UR033.sto?DB_NAME=wt00037019,"  Amministrazione Trasparente L'Amministrazione Trasparente del Comune è la sezione online dove vengono pubblicati documenti e dati per garantire accessibilità, trasparenza e prevenzione della corruzione.",Godrano
082040,https://form.agid.gov.it/view/0982bd00-ff34-11ef-bdd0-2f112b8467d5,Dichiarazione di accessibilità,Godrano
082040,javascript:void(0);,Open toolbar Tool di Accessibilità ,Godrano
082041,https://form.agid.gov.it/view/bd7ff948-63bc-48d5-951e-e6cadd566b98,Dichiarazione di Accessibilità,Gratteri
082043,https://form.agid.gov.it/view/cae77140-48e9-11ef-aef5-395c14f01351,Dichiarazione di accessibilità,Isola delle Femmine
082044,https://form.agid.gov.it/view/16246a50-deef-11ef-a31f-6b1b7ab74240,Dichiarazione di accessibilità,Lascari
082045,https://form.agid.gov.it/view/7d167b40-dd33-11ee-b622-c79e769b5aaa,Dichiarazione di accessibilità,Lercara Friddi
082046,https://form.agid.gov.it/view/996b0010-7bdd-11ef-9120-cd05ddade555,Dichiarazione di accessibilità,Marineo
082046,https://www.comune.marineo.pa.it/feedback-accessibilita/,Feedback accessibilità,Marineo
082047,https://form.agid.gov.it/view/e87447f0-3135-400f-8ecb-20a4fa96b4f2,Dichiarazione di accessibilità,Mezzojuso
082047,javascript:void(0);,Open toolbar Tool di Accessibilità ,Mezzojuso
082048,https://form.agid.gov.it/view/17a0bf8d-2a72-4632-af3c-c2656592f977/,Dichiarazione di accessibilità,Misilmeri
082049,https://form.agid.gov.it/view/7c7ebf90-74c7-11ef-961a-2db6ceb6a33c,Dichiarazione di accessibilità,Monreale
082050,https://form.agid.gov.it/view/7abfd7f0-da3c-11ee-afe9-fb14b59cad64,Dichiarazione di accessibilità,Montelepre
082051,https://form.agid.gov.it/view/c6781380-7a5d-11ef-b7fe-611b2a214afc, Dichiarazione di accessibilità,Montemaggiore Belsito
082052,https://form.agid.gov.it/view/a57ee030-69d9-11ef-9964-6d6e80f048a6,Dichiarazione di accessibilità,Palazzo Adriano
082052,https://form.agid.gov.it/view/a57ee030-69d9-11ef-9964-6d6e80f048a6,Accessibilità,Palazzo Adriano
082053,https://form.agid.gov.it/view/0288c630-1c43-11f0-8896-f14683c4c82c,Dichiarazione di accessibilità,Palermo
082054,https://form.agid.gov.it/view/a6a04a90-7662-11ef-a746-0f350941ada5,Dichiarazione di accessibilità,Partinico
082055,https://form.agid.gov.it/view/5ab9e770-b5f2-11ee-a6e1-ff81c1371219,Dichiarazione di accessibilità,Petralia Soprana
082056,https://form.agid.gov.it/view/003d6730-b949-11ef-90ac-994202af2b03,Dichiarazione di accessibilità,Petralia Sottana
082057,https://form.agid.gov.it/view/b1f34070-71ab-11ef-92e4-8f1a1d039fea,Dichiarazione di accessibilità,Piana degli Albanesi
082058,https://form.agid.gov.it/view/e70a0340-b704-11ef-ba2b-17331f14993e,Dichiarazione di accessibilità,Polizzi Generosa
082059,https://form.agid.gov.it/view/711bc230-765f-11ef-8e89-f5f960e50900,Dichiarazione di Accessibilità,Pollina
082060,https://form.agid.gov.it/view/c18ce4e0-396b-4471-9fee-72fbc66bb12a,Dichiarazione di accessibilità,Prizzi
082061,https://form.agid.gov.it/view/f3cf4910-138d-11f0-b566-c5caeb37107f,Dichiarazione di accessibilità,Roccamena
082062,https://form.agid.gov.it/view/0902e5f0-fff5-11ef-9f46-67f5b3fb1fe5,Dichiarazione di accessibilità,Roccapalumba
082063,https://form.agid.gov.it/view/7b5e41d0-6518-11ef-9408-41c983b297e8,Dichiarazione di accessibilità,San Cipirello
082064,https://form.agid.gov.it/view/33a46d20-74f8-11ef-875a-ab8bc89a136b,Dichiarazione di accessibilità,San Giuseppe Jato
082065,https://form.agid.gov.it/view/52fb6f60-a19a-11ef-bc52-c1bd81b9f54e,Dichiarazione di accessibilità,San Mauro Castelverde
082065,https://form.agid.gov.it/view/1809ebe0-0a20-11f0-87a5-d970fd347a10,Obiettivi di accessibilità,San Mauro Castelverde
082066,https://form.agid.gov.it/view/c79c5a70-7416-11ef-ba17-f1d2ac71e63a,Dichiarazione di accessibilità,Santa Cristina Gela
082067,https://form.agid.gov.it/view/aeee6560-7f13-11ef-838e-f30759258831,ACCESSIBILITAâ€™,Santa Flavia
082069,https://form.agid.gov.it/view/e8011ea0-7bd6-11ef-9ad9-0f017a721874,Dichiarazione di accessibilità,Sclafani Bagni
082069,/feedback-accessibilita/,Feedback accessibilità,Sclafani Bagni
082070,https://form.agid.gov.it/view/176b6750-3d1f-11ef-b250-99eb34dcd8b5,Dichiarazione di accessibilità,Termini Imerese
082070,https://form.agid.gov.it/view/eb3c4470-0004-11f0-86e5-3bb19f23eed9,Obiettivi di accessibilità,Termini Imerese
082070,https://form.agid.gov.it/view/176b6750-3d1f-11ef-b250-99eb34dcd8b5,Accessibilità,Termini Imerese
082071,https://form.agid.gov.it/view/3653b2a9-2506-48c2-9628-0e7a31348f9a/,Dichiarazione di accessibilità,Terrasini
082072,https://form.agid.gov.it/view/9522ffe5-8d6c-41ea-b2f6-5541c26620f3,Dichiarazione di accessibilità,Torretta
082073,https://form.agid.gov.it/view/23904160-6063-11ef-814d-6373bff3a9ce,Dichiarazione di accessibilità,Trabia
082074,#,Dichiarazione di accessibilità,Trappeto
082075,https://form.agid.gov.it/view/364e4d50-d896-11ef-83e3-91f6734cc9f3,Dichiarazione di accessibilità,Ustica
082075,https://form.agid.gov.it/view/d74a2800-d251-11ef-af8b-f71a657b1b21,Obiettivi di accessibilità,Ustica
082076,https://form.agid.gov.it/view/493f0ef0-5316-11ef-90f6-f35536656bc3,Dichiarazione di accessibilità,Valledolmo
082077,https://form.agid.gov.it/view/c0afb5c0-8f93-11ef-8c6f-0bee3f692f1c,Dichiarazione di accessibilità,Ventimiglia di Sicilia
082077,https://www.comune.ventimigliadisicilia.pa.it/feedback-accessibilita/,Feedback accessibilità,Ventimiglia di Sicilia
082078,https://form.agid.gov.it/view/7af7fd20-e6ac-11ee-9a12-f9a531dfd77a,Dichiarazione di accessibilità,Vicari
082078,https://form.agid.gov.it/view/ff4666a0-0e03-11f0-b7f2-4b784417b097,Obiettivi di accessibilità 2025,Vicari
082079,https://form.agid.gov.it/view/9be0b7b0-230c-11ef-8755-917a94b3b3dc,Dichiarazione di accessibilità,Villabate
082079,https://form.agid.gov.it/view/081b7960-230d-11ef-971b-09786a3571e1,Obiettivi di accessibilità,Villabate
082080,https://trasparenza.comune.villafrati.pa.it/index.php?page=moduli&mod=6&ente=68&node=285,Obbiettivi di accessibilità,Villafrati
082080,https://form.agid.gov.it/view/03465bc0-7b1f-11ef-84ea-314fcfd93da9,Dichiarazione di accessibilità,Villafrati
082082,https://form.agid.gov.it/view/69016ad0-78e1-11ef-b48a-b1ad2f02aa25,Dichiarazione di accessibilità,Blufi
082082,https://form.agid.gov.it/view/69016ad0-78e1-11ef-b48a-b1ad2f02aa25,Accessibilità,Blufi
083001,https://form.agid.gov.it/view/a080c4f0-d716-11ee-b7be-a5b5f14ef0da,Dichiarazione di accessibilità,Alcara li Fusi
083001,https://form.agid.gov.it/view/a080c4f0-d716-11ee-b7be-a5b5f14ef0da,Accessibilità,Alcara li Fusi
083002,https://form.agid.gov.it/view/afe09350-2edf-11ef-b057-adf300d70cfc,Dichiarazione di accessibilità,Alì
083003,https://form.agid.gov.it/view/8e56efe0-e78a-11ef-8351-419b0926e2a3,Dichiarazione di accessibilità,Alì Terme
083004,https://form.agid.gov.it/view/37de7a30-11d8-11ef-ab94-93feae7de7ef,Dichiarazione di accessibilità,Antillo
083004,https://form.agid.gov.it/view/6c3a8d80-0883-11f0-935f-d3d54aa502c9,Obiettivi di accessibilità,Antillo
083005,https://form.agid.gov.it/view/5412b660-74e5-11ef-96d6-8b740c7151cc,Dichiarazione di accessibilità,Barcellona Pozzo di Gotto
083006,https://form.agid.gov.it/view/77d553c0-9c2f-11ef-924a-9b83d652002a,Dichiarazione di accessibilità,Basicò
083006,https://form.agid.gov.it/view/dd394470-9607-11ef-8f07-8d7209220d43,Accessibilità,Basicò
083007,https://form.agid.gov.it/view/f6780a90-758f-11ef-a3a6-b1819a9a419d,Dichiarazione di accessibilità,Brolo
083008,https://form.agid.gov.it/view/c90567c0-b7ab-11ef-8145-99539b43e60b,Dichiarazione di accessibilità,Capizzi
083009,https://form.agid.gov.it/view/476a8db0-7a81-11ef-92ba-31f8e04205dd,Dichiarazione di accessibilità,Capo d'Orlando
083010,https://form.agid.gov.it/view/ed57a610-edb2-11ee-843a-4f0bef77da93,Dichiarazione di accessibilità,Capri Leone
083010,javascript:void(0);,Apri barra degli strumenti Strumenti accessibilità ,Capri Leone
083011,https://form.agid.gov.it/view/91a2c120-b5fd-11ee-ba3f-4d5107a2169d,Dichiarazione di accessibilità,Caronia
083012,https://form.agid.gov.it/view/a6c058e0-320a-11ef-a57f-9b6f9e0bb224,Dichiarazione di accessibilità,Casalvecchio Siculo
083013,https://form.agid.gov.it/view/f068a070-79a8-11ef-b88a-8f0d4b2e4544,Dichiarazione di accessibilità,Castel di Lucio
083014,https://form.agid.gov.it/view/3bfe6700-b5f4-11ee-8b62-d33a14313f6e,Dichiarazione di accessibilità,Castell'Umberto
083014,https://form.agid.gov.it/view/ac19ee50-edb8-11ee-9264-f7f26f5f6d7e,Obiettivi di accessibilità,Castell'Umberto
083015,https://form.agid.gov.it/view/a920d6c0-d547-11ee-ba32-45e4d540e43f,Dichiarazione di accessibilità,Castelmola
083016,https://form.agid.gov.it/view/9f830420-1297-11ef-b409-7ff70ee8ad4d,Dichiarazione di accessibilità,Castroreale
083016,https://form.agid.gov.it/view/e9b3bdf0-0ed1-11f0-b7dc-9b0c3f20fec8,Obiettivi di accessibilità,Castroreale
083017,https://form.agid.gov.it/view/9f61e9f0-c98d-11ee-b7e6-2312061a7876,Dichiarazione di accessibilità,Cesarò
083017,https://www.comune.cesaro.me.it/feedback-accessibilita/,Feedback accessibilità,Cesarò
083018,https://condro.halleyegov.it/,Dichiarazione di accessibilità,Condrò
083019,https://form.agid.gov.it/view/c684dd00-e311-11ef-a518-f511f31bad01,Dichiarazione di accessibilità,Falcone
083020,https://form.agid.gov.it/view/01032f10-c660-11ee-b7d7-cfd2c330d4cd,Dichiarazione di accessibilità,Ficarra
083020,https://www.comune.ficarra.me.it/feedback-accessibilita/,Feedback accessibilità,Ficarra
083021,https://form.agid.gov.it/view/887e1f80-797b-11ef-83b9-4b023fc21f60,Dichiarazione di accessibilità,Fiumedinisi
083022,https://form.agid.gov.it/view/d695f9f0-2f10-11ef-ba75-6d5a22c419e8,Dichiarazione di accessibilità,Floresta
083023,https://form.agid.gov.it/view/a4cd8190-b5df-11ee-b04e-01329d8afc2f,Dichiarazione di accessibilità,Fondachelli-Fantina
083024,https://form.agid.gov.it/view/316f7fb0-f26a-11ee-bfaa-f9f925007ae5,Dichiarazione di accessibilità,Forza d'Agrò
083025,https://form.agid.gov.it/view/94eb5540-acba-11ef-83da-856cf1d039eb,Dichiarazione di accessibilità,Francavilla di Sicilia
083026,https://form.agid.gov.it/view/d82849e0-0ed4-11f0-82ed-1db69c0f6349,Dichiarazione di accessibilità,Frazzanò
083027,https://form.agid.gov.it/view/aa43f080-7599-11ef-8150-f1ebf8a6ea8e,Dichiarazione di accessibilità,Furci Siculo
083028,https://form.agid.gov.it/view/31004bd0-e78e-11ef-b58b-ebd519a4203c,Dichiarazione di accessibilità,Furnari
083029,/accessibilita.html,Accessibilità,Gaggi
083030,https://form.agid.gov.it/view/18c1bee0-c4d6-11ee-b44d-2d4f5fe2a307,Dichiarazione di accessibilità,Galati Mamertino
083030,https://form.agid.gov.it/view/18c1bee0-c4d6-11ee-b44d-2d4f5fe2a307,Accessibilità,Galati Mamertino
083031,https://form.agid.gov.it/view/413b6f70-8230-11ef-a177-fda1d550e2c1,Dichiarazione di accessibilità,Gallodoro
083032,https://form.agid.gov.it/view/b2c4a0c0-b5db-11ee-b12d-b7d7eb68d7bb,Dichiarazione di accessibilità,Giardini-Naxos
083032,https://form.agid.gov.it/view/186f8410-e860-11ee-b9b1-65ddf3a2d3c5,Obiettivi di accessibilità,Giardini-Naxos
083033,https://form.agid.gov.it/view/148311b0-d18e-11ef-a321-91a7fd9f4241,Dichiarazione di accessibilità,Gioiosa Marea
083034,https://form.agid.gov.it/view/08868220-c69e-11ef-a7c7-2d9379184f1a,Dichiarazione di accessibilità,Graniti
083035,https://form.agid.gov.it/view/6d6f8370-d0a5-11ee-9db9-39dad1aba5f3,"Dichiarazione di
                                                        accessibilità",Gualtieri Sicaminò
083036,https://form.agid.gov.it/view/075e27a0-7a53-11ef-ad22-ebc735d0ad5a,Dichiarazione di accessibilità,Itala
083037,https://form.agid.gov.it/view/1aff53a0-f362-11ef-b991-e1f65b643c1c,Dichiarazione di accessibilità,Leni
083038,https://form.agid.gov.it/view/a1eebb90-86d8-11ef-9a50-51b9f5884dbc,Dichiarazione di accessibilità,Letojanni
083038,https://form.agid.gov.it/view/df247660-0e1b-11f0-a803-8556f08aea8e,Obiettivi di accessibilità,Letojanni
083039,https://form.agid.gov.it/view/6f76b0e0-a1a5-11ef-aa37-13925dd62dd1,Dichiarazione di accessibilità,Librizzi
083039,https://form.agid.gov.it/view/6f76b0e0-a1a5-11ef-aa37-13925dd62dd1,Accessibilità,Librizzi
083040,https://form.agid.gov.it/view/6ed064b0-7b17-11ef-b313-d90b008658ee,Dichiarazione di accessibilità,Limina
083041,https://form.agid.gov.it/view/19817b20-b154-11ef-80cc-8da2e4ff416e,Dichiarazione di accessibilità,Lipari
083042,https://form.agid.gov.it/view/758e15d0-7672-11ef-b3ef-3567e0246557,Dichiarazione di accessibilità,Longi
083043,https://form.agid.gov.it/view/f82c1a40-fb1c-11ee-b480-ab990e2db787,Dichiarazione di accessibilità,Malfa
083044,https://form.agid.gov.it/view/52228760-c20e-11ef-9c79-93aafeaba772,Dichiarazione di accessibilità,Malvagna
083045,https://form.agid.gov.it/view/63cb2b80-549e-11ef-b9e0-b12ab127df59,Dichiarazione di accessibilità,Mandanici
083046,https://form.agid.gov.it/view/bf309700-f384-11ef-8725-25c4fea1e249,Dichiarazione di accessibilità,Mazzarrà Sant'Andrea
083047,https://form.agid.gov.it/view/baab5ac0-7f09-11ef-be97-bf4955329dde,Dichiarazione di accessibilità,Merì
083047,https://www.comune.meri.me.it/it/accessibility,Accessibilità,Merì
083048,https://form.agid.gov.it/view/62415b80-ad64-11ef-9310-4717e8d7beac,Dichiarazione di accessibilità,Messina
083048,https://form.agid.gov.it/view/62415b80-ad64-11ef-9310-4717e8d7beac,Accessibilità,Messina
083049,https://form.agid.gov.it/view/b6a09130-eceb-11ee-9b24-33b9a10bf38d/,Dichiarazione di Accessibilità,Milazzo
083050,https://form.agid.gov.it/view/c8870f50-b5fa-11ee-854b-1ff29f8c3226,Dichiarazione di accessibilità,Militello Rosmarino
083051,https://form.agid.gov.it/view/83164680-79a3-11ef-9efc-3d61ce5f2ead,Dichiarazione di accessibilità,Mirto
083052,https://form.agid.gov.it/view/7960a4a0-3466-11ef-b313-b7a47c4c02a2,Dichiarazione di accessibilità,Mistretta
083053,https://form.agid.gov.it/view/56086340-bed0-11ef-9f43-81bd57926a27,Dichiarazione di accessibilità,Moio Alcantara
083055,https://form.agid.gov.it/view/f265b3a0-33c5-11ef-a1a4-0fce23c4dedf,Dichiarazione di accessibilità,Mongiuffi Melia
083056,https://form.agid.gov.it/view/f8f9b420-86ed-11ef-b986-8f316d4f2827,Dichiarazione di accessibilità,Montagnareale
083056,https://www.comune.montagnareale.me.it/feedback-accessibilita/,Feedback accessibilità,Montagnareale
083057,https://form.agid.gov.it/view/7d239140-798c-11ef-82cb-d5201247cc13,Dichiarazione di accessibilità,Montalbano Elicona
083058,https://form.agid.gov.it/view/ed12a6f0-5572-11ef-924d-7f31fd67752c,Dichiarazione di accessibilità,Motta Camastra
083060,https://form.agid.gov.it/view/225eaee0-7980-11ef-a2c6-6173832e88a6,Dichiarazione di accessibilità,Naso
083061,https://form.agid.gov.it/view/c05e7260-7c14-11ef-b0f2-bb27affedd57,Dichiarazione di accessibilità,Nizza di Sicilia
083062,https://servizionline.hspromilaprod.hypersicapp.net/cmsnovaradisicilia/listaservizi.aspx?U=1&S=500, Amministrazione Trasparente La trasparenza è accessibilità totale ai dati e ai documenti in possesso della pubblica amministrazione,Novara di Sicilia
083062,https://form.agid.gov.it/view/bb7a73b0-86e2-11ef-b684-797cc54129b9,Dichiarazione di accessibilità,Novara di Sicilia
083062,https://form.agid.gov.it/view/8421ba80-f827-11ee-984e-5312ae6f27b5,Accessibilità,Novara di Sicilia
083063,https://form.agid.gov.it/view/4f599910-1688-11ef-91a1-1b37e430060a,Dichiarazione di accessibilità,Oliveri
083063,https://form.agid.gov.it/view/4f599910-1688-11ef-91a1-1b37e430060a,Accessibilità,Oliveri
083064,https://form.agid.gov.it/view/d575e6b0-d321-11ef-9acb-07b53aa42c22,Dichiarazione di accessibilità,Pace del Mela
083065,https://form.agid.gov.it/view/c3da61c0-8bc2-11ef-a817-abdf1655237b,Dichiarazione di accessibilità,Pagliara
083065,javascript:void(0);,Apri barra degli strumenti Strumenti accessibilità ,Pagliara
083066,https://form.agid.gov.it/view/d041a1b0-7f53-11ef-81cc-3929d18bf1b8,Dichiarazione di accessibilità,Patti
083066,https://form.agid.gov.it/view/d257bfb0-0e1a-11f0-8034-8dbeb3539397,Obiettivi di accessibilità,Patti
083067,https://form.agid.gov.it/view/b9e40930-7760-11ef-a403-170e453b39e3,Dichiarazione di Accessibilità,Pettineo
083067,javascript:void(0);,Open toolbar Accessibilità ,Pettineo
083068,https://form.agid.gov.it/view/551c5d40-6f4a-11ef-9a11-0d6bbe28d743,Dichiarazione di accessibilità,Piraino
083069,https://form.agid.gov.it/view/1f6c93d0-7bf8-11ef-b4cd-395ae76d8cf8,Dichiarazione di accessibilità,Raccuja
083069,https://form.agid.gov.it/view/1f6c93d0-7bf8-11ef-b4cd-395ae76d8cf8,Accessibilità,Raccuja
083070,https://form.agid.gov.it/view/8e781fb0-e3a9-11ef-9386-1b32b54515f4,Dichiarazione di accessibilità,Reitano
083071,https://form.agid.gov.it/view/55ca3de0-0c4c-11ef-8e13-01dae87577d3,Dichiarazione di accessibilità,Roccafiorita
083072,https://form.agid.gov.it/view/664d2940-0d12-11ef-b14f-758b236ba159,Dichiarazione di accessibilità,Roccalumera
083073,https://form.agid.gov.it/view/f33bf160-1db6-11ef-b33c-4bab2937741a,Dichiarazione di accessibilità,Roccavaldina
083073,/it/sezione/page/accessibilita,Accessibilità,Roccavaldina
083074,https://form.agid.gov.it/doc/dichiarazione-accessibilita/,Dichiarazione di accessibilità,Roccella Valdemone
083074,https://www.comune.roccellavaldemone.me.it/feedback-accessibilita/,Feedback accessibilità,Roccella Valdemone
083075,https://form.agid.gov.it/view/48200260-00c5-11f0-adfd-81374a3cd9ff,Dichiarazione di accessibilità,Rodì Milici
083075,https://form.agid.gov.it/view/a681cb80-1462-11f0-b36e-134f2db22c6f,Obiettivi di accessibilità,Rodì Milici
083076,https://form.agid.gov.it/view/b0b179c0-3a15-11ef-93ea-01094978f1ed,Dichiarazione di accessibilità,Rometta
083077,https://form.agid.gov.it/view/878e6470-7a90-11ef-a4c8-1f4243570836,Dichiarazione di accessibilità,San Filippo del Mela
083078,https://servizionline.hspromilaprod.hypersicapp.net/cmssanfratello/portale/trasparenza/trasparenzaamministrativa.aspx?P=6700,Amministrazione Trasparente Accessibilità ai dati e ai documenti in possesso della pubblica amministrazione,San Fratello
083078,https://form.agid.gov.it/view/4ddf89a0-7998-11ef-b94c-1de61a95c5f3,Dichiarazione di accessibilità,San Fratello
083079,https://form.agid.gov.it/view/9151c860-9ce3-11ef-b362-0df4e4625f09,Dichiarazione di accessibilità,San Marco d'Alunzio
083079,https://www.comune.sanmarcodalunzio.me.it/feedback-accessibilita/,Feedback accessibilità,San Marco d'Alunzio
083080,https://form.agid.gov.it/view/a9749760-7f01-11ef-b700-f526f7cf4902,Dichiarazione di accessibilità,San Pier Niceto
083081,https://form.agid.gov.it/view/445dcb30-bd22-11ef-94ca-af27829bef83,Dichiarazione di accessibilità,San Piero Patti
083081,https://form.agid.gov.it/view/857af230-0ed7-11f0-bf57-b987919df254,Obiettivi di accessibilità,San Piero Patti
083082,https://form.agid.gov.it/view/5b8bac20-7a4f-11ef-af69-13593a776a60,Dichiarazione di accessibilità,San Salvatore di Fitalia
083082,javascript:void(0);,Apri barra degli strumenti Strumenti accessibilità ,San Salvatore di Fitalia
083083,https://form.agid.gov.it/view/d0ab886f-1774-4c8d-92d4-1384fa287659,Dichiarazione di accessibilità,Santa Domenica Vittoria
083084,https://form.agid.gov.it/view/ef3086b0-1f34-11ef-9355-43704500b760,Dichiarazione di accessibilità,Sant'Agata di Militello
083084,https://www.comune.santagatadimilitello.me.it/feedback-accessibilita/,Feedback accessibilità,Sant'Agata di Militello
083085,https://form.agid.gov.it/view/50e6d0f0-d252-11ef-81cf-375c05d1409f,Dichiarazione di accessibilità,Sant'Alessio Siculo
083086,https://form.agid.gov.it/view/19ff02ea-6a4a-4aa4-8548-faeadab59302,Dichiarazione di accessibilità,Santa Lucia del Mela
083088,https://form.agid.gov.it/view/5f65d0c0-7999-11ef-82b0-3f195e903d42,Dichiarazione di accessibilità,Sant'Angelo di Brolo
083089,https://form.agid.gov.it/view/ce198d90-a1ad-11ef-8596-ed09c0944f60,Dichiarazione di accessibilità,Santa Teresa di Riva
083089,https://form.agid.gov.it/view/ce198d90-a1ad-11ef-8596-ed09c0944f60,Accessibilità,Santa Teresa di Riva
083090,https://form.agid.gov.it/view/e5d639e0-d0a4-11ee-8b84-a158c8a57145,Dichiarazione di accessibilità,San Teodoro
083090,https://www.comune.santeodoro.me.it/feedback-accessibilita/,Feedback accessibilità,San Teodoro
083091,https://form.agid.gov.it/view/a1f42890-6122-11ef-ab7e-cf8c0fc621c0,Dichiarazione di accessibilità,Santo Stefano di Camastra
083092,https://form.agid.gov.it/view/9c2812b0-bba3-11ef-83b9-e59540584046,Dichiarazione di accessibilità,Saponara
083093,https://form.agid.gov.it/view/ab27a160-fb3e-11ef-8ff9-d7d2df90e2bf,Dichiarazione Accessibilità Agid,Savoca
083094,https://form.agid.gov.it/view/c5d12d30-8094-11ef-9dbf-371b72c34c61,Dichiarazione di accessibilità,Scaletta Zanclea
083096,https://form.agid.gov.it/view/4e6ce7e0-0e09-11f0-b6fe-696f0325a3fa,Dichiarazione di accessibilità,Spadafora
083099,https://form.agid.gov.it/view/4a561b10-bc4f-11ef-905d-27d5b80786d6,Dichiarazione di accessibilità,Tortorici
083099,https://www.comune.tortorici.me.it/feedback-accessibilita/,Feedback accessibilità,Tortorici
083100,https://form.agid.gov.it/view/19861d20-797c-11ef-8e73-5940f8a88f92,Dichiarazione di accessibilità,Tripi
083102,https://form.agid.gov.it/view/5d078150-8f85-11ef-9514-fddb8f8f30da,Dichiarazione di accessibilità,Ucria
083102,https://form.agid.gov.it/view/5d078150-8f85-11ef-9514-fddb8f8f30da,Accessibilità,Ucria
083103,https://www.comune.valdina.me.it/EG0/EGSCHTST52.HBL?en=eg500&MESSA=PUBBLICA&SRL=81,Dichiarazione di accessibilità,Valdina
083103,https://form.agid.gov.it/view/982aff10-ce68-11ef-9791-891a357648fb,Dichiarazione di accessibilità,Valdina
083104,https://trasparenza.comune.venetico.me.it/venetico/zf/index.php/trasparenza/index/index, Amministrazione Trasparente Laccessibilità totale alle informazioni relative a ogni aspetto dellorganizzazione e delle attività svolte dalle pubbliche amministrazioni. ,Venetico
083104,https://form.agid.gov.it/view/70b2c930-dc7a-11ee-bbe9-8de8b82bca38,Dichiarazione di accessibilità,Venetico
083106,https://form.agid.gov.it/view/7f9b0ba0-4fe4-11ef-b549-d70b730998a4,Dichiarazione di accessibilità,Terme Vigliatore
084001,https://form.agid.gov.it/view/45d25b30-79b5-11ef-873c-0306309be7a9,Dichiarazione di accessibilità,Agrigento
084001,https://form.agid.gov.it/view/683e61e0-13c1-11f0-b1bc-fd12b3b3c157,Obiettivi di accessibilità,Agrigento
084002,https://form.agid.gov.it/view/6ee7b0d0-d3f9-11ef-a0c7-9925ec41d816,Dichiarazione di accessibilità,Alessandria della Rocca
084003,https://form.agid.gov.it/view/0e4c111b-1d94-4240-947c-7fed1dc40fa7,Accessibilità,Aragona
084005,https://trasparenza.apkappa.it/burgio/, Amministrazione Trasparente La trasparenza è intesa come accessibilità totale delle informazioni concernenti l'organizzazione e l'attività delle pubbliche amministrazioni,Burgio
084005,https://form.agid.gov.it/view/f2c58420-cf2e-11ee-948c-75bc3814d148,Dichiarazione di accessibilità,Burgio
084005,https://form.agid.gov.it/view/f2c58420-cf2e-11ee-948c-75bc3814d148,Accessibilità,Burgio
084006,https://form.agid.gov.it/view/81089b20-ecd8-11ee-8076-91565e60cfa4,Dichiarazione di accessibilità,Calamonaci
084006,https://form.agid.gov.it/view/81089b20-ecd8-11ee-8076-91565e60cfa4,Accessibilità,Calamonaci
084007,https://form.agid.gov.it/view/05233a90-7989-11ef-bec8-3d8d1e21ba4b,Dichiarazione di accessibilità,Caltabellotta
084007,https://form.agid.gov.it/view/1cd3d757-47f5-43dc-af8a-c347ec0d9b1f,Accessibilità,Caltabellotta
084008,https://form.agid.gov.it/view/bd7e6160-e3a5-11ef-b2ee-25f1d342012b,Dichiarazione di accessibilità,Camastra
084009,https://form.agid.gov.it/view/f68daf70-e890-11ef-8f81-bb8be98d8cfa,Dichiarazione di accessibilità,Cammarata
084010,https://accessibilita.agid.gov.it/obiettivi-accessibilita/2018/comune-di-campobello-di-licata/71770,Obiettivi di Accessibilità,Campobello di Licata
084010,https://accessibilita.agid.gov.it/obiettivi-accessibilita/2018/comune-di-campobello-di-licata/71770,Obiettivi di Accessibilità,Campobello di Licata
084013,default.asp?modulo=servizi&t=pagina&idpagina=66,Accessibilità,Castrofilippo
084013,https://form.agid.gov.it/view/c542e920-d8bc-46b6-8aff-8ab3ee879e24,"Dichiarazione di
						accessibilità (AgID)",Castrofilippo
084014,https://form.agid.gov.it/view/c6b88713-738b-4339-91d2-84693d33feb0,Dichiarazione di Accessibilita,Cattolica Eraclea
084015,https://form.agid.gov.it/view/6a41a7c0-862e-11ef-b279-975c350118a3,Dichiarazione di accessibilità,Cianciana
084016,https://form.agid.gov.it/view/468d0320-d4cf-11ef-90e7-cd6e74fb876a,Dichiarazione di accessibilità,Comitini
084017,https://cloud.urbi.it/urbi/progs/urp/ur1UR033.sto?DB_NAME=wt00037115&w3cbt=S," Amministrazione Trasparente L'Amministrazione Trasparente del Comune è la sezione online dove vengono pubblicati documenti e dati per garantire accessibilità, trasparenza e prevenzione della corruzione.",Favara
084017,https://trasparenza.apkappa.it/favara/," Amministrazione Trasparente La sezione online dove vengono pubblicati documenti e dati per garantire accessibilità, trasparenza e prevenzione della corruzione, sino al 21 giugno 2023.",Favara
084017,https://form.agid.gov.it/view/908dc190-ff3a-11ef-8255-15a9cea29c24,Dichiarazione di accessibilità,Favara
084017,javascript:void(0);,Open toolbar Tool di Accessibilità ,Favara
084019,https://form.agid.gov.it/view/66fc6a60-904b-11ef-be07-8dcbda14143c,Dichiarazione di accessibilità,Joppolo Giancaxio
084020,https://lampedusaelinosa.halleyegov.it/,Dichiarazione di accessibilità,Lampedusa e Linosa
084021,https://form.agid.gov.it/view/3786bc80-50be-11ef-a3cb-314b6319eaa6,Dichiarazione di accessibilità,Licata
084022,https://form.agid.gov.it/view/44f4f512-7109-4b60-ae2e-fe5c44ea940a/,Dichiarazione di accessibilità,Lucca Sicula
084022,https://form.agid.gov.it/view/44f4f512-7109-4b60-ae2e-fe5c44ea940a,Accessibilità,Lucca Sicula
084023,https://form.agid.gov.it/view/a1a2fa30-0648-11f0-a13f-611a32d9f6ef,Dichiarazione di accessibilità,Menfi
084024,https://form.agid.gov.it/view/d140ce80-1200-11ef-bfbb-4591b478c365,Dichiarazione di accessibilità,Montallegro
084024,https://form.agid.gov.it/view/d140ce80-1200-11ef-bfbb-4591b478c365,Accessibilità,Montallegro
084025,https://form.agid.gov.it/view/b16b0560-1f49-11f0-965b-67bc797ef4cd,Dichiarazione di accessibilità,Montevago
084026,https://servizionline.comune.naro.ag.it/urbi/progs/urp/ur1UR033.sto?DB_NAME=n200490&w3cbt=S," Amministrazione Trasparente L'Amministrazione Trasparente del comune è una sezione online che pubblica documenti, informazioni e dati per garantire trasparenza, legalità e accessibilità sulle attività e decisioni dell'ente pubblico.",Naro
084026,https://form.agid.gov.it/view/80df07f0-f525-11ef-b154-6ba53c18032a,Dichiarazione di accessibilità,Naro
084026,javascript:void(0);,Open toolbar Tool di Accessibilità ,Naro
084028,https://form.agid.gov.it/view/f658a220-c029-11ee-82be-391b031f4281,Dichiarazione di accessibilità,Porto Empedocle
084029,/racalmuto/zf/index.php/servizi-aggiuntivi/index/index/idtesto/46,Dichiarazione di Accessibilità,Racalmuto
084031,https://form.agid.gov.it/view/0b39bc28-dacc-4ae9-b6d4-238faea80ae0,Accessibilità,Ravanusa
084031,https://www.comune.ravanusa.ag.it/index.php/segnalazione-non-conformita/,Segnalazione di non conformità ai requisiti di accessibilità,Ravanusa
084032,https://form.agid.gov.it/view/d747a950-e9f2-11ef-a037-0369fe881c16,Dichiarazione di accessibilità,Realmonte
084032,https://form.agid.gov.it/view/f5ab3180-0646-11f0-b4e4-650a25ab7fdd,Obiettivi di accessibilità,Realmonte
084032,https://form.agid.gov.it/view/d747a950-e9f2-11ef-a037-0369fe881c16,Accessibilità,Realmonte
084033,#,Dichiarazione di accessibilità,Ribera
084034,https://form.agid.gov.it/view/6a6a4840-7b13-11ef-b971-6db9d45b36ff,Dichiarazione di accessibilità,Sambuca di Sicilia
084036,https://form.agid.gov.it/view/8f514930-b2f7-11ef-b82b-5de60679f8b8,Dichiarazione di accessibilità,San Giovanni Gemini
084037,https://form.agid.gov.it/view/26722dc0-0d94-400e-8d3a-de3dfabe7913,Dichiarazione di accessibilità,Santa Elisabetta
084038,https://form.agid.gov.it/view/bf16c120-7406-11ef-ad59-7999c36c5ea8,Dichiarazione di accessibilità,Santa Margherita di Belice
084040,https://form.agid.gov.it/view/6b571170-8554-11ef-b1c0-9fa687419dd2,Dichiarazione di accessibilità,Santo Stefano Quisquina
084042,https://form.agid.gov.it/view/94b19f30-c114-11ef-b3a5-df7507c02810,Dichiarazione di accessibilità,Siculiana
084043,https://servizionline.comune.villafrancasicula.ag.it/urbi/progs/urp/ur1UR033.sto?DB_NAME=wt00033035," Amministrazione Trasparente L'Amministrazione Trasparente del comune è una sezione online che pubblica documenti, informazioni e dati per garantire trasparenza, legalità e accessibilità sulle attività e decisioni dell'ente pubblico.",Villafranca Sicula
084043,https://form.agid.gov.it/view/4af4a280-0e34-11f0-ad16-b10dfe317064,Dichiarazione di accessibilità,Villafranca Sicula
084043,javascript:void(0);,Open toolbar Tool di Accessibilità ,Villafranca Sicula
085003,https://form.agid.gov.it/view/1132ba70-e129-11ee-9ca6-295092010efe,Dichiarazione di accessibilità,Butera
085004,https://form.agid.gov.it/view/af6e72a0-fffb-11ef-8553-43fb4ae0dbef,Dichiarazione di accessibilità,Caltanissetta
085004,https://form.agid.gov.it/view/accabf80-d163-11ee-92a7-e17385d1dabc,Accessibilità,Caltanissetta
085005,https://form.agid.gov.it/view/34b65690-e47b-11ef-ac38-15e5a71e6330,Dichiarazione di accessibilità,Campofranco
085006,https://form.agid.gov.it/view/d64433b0-fb0b-11ee-ba8e-7dc9558aff3b,Dichiarazione di accessibilità,Delia
085007,https://form.agid.gov.it/view/5959afb0-0893-11f0-b49e-8b2b5a506afa,Dichiarazione di accessibilità,Gela
085007,/it/sezione/page/accessibilita,Accessibilità,Gela
085008,https://form.agid.gov.it/view/0a88c4f0-e82a-11ee-a68c-53263849f09a,Dichiarazione di accessibilità,Marianopoli
085008,https://www.comune.marianopoli.cl.it/feedback-accessibilita/,Feedback accessibilità,Marianopoli
085010,https://form.agid.gov.it/view/71441760-8f9d-11ef-9d9e-dd4dec953018,Dichiarazione di accessibilità,Milena
085010,https://www.comune.milena.cl.it/feedback-accessibilita/,Feedback accessibilità,Milena
085015,#,Dichiarazione di accessibilità,Riesi
085016,https://form.agid.gov.it/view/df46e050-a0df-11ef-9d8e-3594c6f9a9e0,Dichiarazione di accessibilità,San Cataldo
085019,https://form.agid.gov.it/view/491ffca0-9db1-11ef-9143-e18092bad461,Dichiarazione di accessibilità,Sommatino
085019,https://www.comune.sommatino.cl.it/feedback-accessibilita/,Feedback accessibilità,Sommatino
085020,https://form.agid.gov.it/view/dfb582a0-8fb2-11ef-9ed3-75fcfe6687bb,Dichiarazione di accessibilità,Sutera
085020,https://www.comune.sutera.cl.it/feedback-accessibilita/,Feedback accessibilità,Sutera
085021,https://form.agid.gov.it/view/d2d7c470-385b-11ef-9823-1912d796580b,Dichiarazione di accessibilità,Vallelunga Pratameno
085021,https://www.comune.vallelunga.cl.it/feedback-accessibilita/,Feedback accessibilità,Vallelunga Pratameno
085022,https://cloud.urbi.it/urbi/progs/urp/ur1UR033.sto?DB_NAME=n1200053," Amministrazione Trasparente L'Amministrazione Trasparente del comune è una sezione online che pubblica documenti, informazioni e dati per garantire trasparenza, legalità e accessibilità sulle attività e decisioni dell'ente pubblico. Dall'1 febbraio 2023.",Villalba
085022,https://comune.villalba.cl.it/vecchia-amministrazione-trasparente/," Archivio Amministrazione Trasparente L'Amministrazione Trasparente del comune è una sezione online che pubblica documenti, informazioni e dati per garantire trasparenza, legalità e accessibilità sulle attività e decisioni dell'ente pubblico. Fino al 31 gennaio 2023.",Villalba
085022,https://form.agid.gov.it/view/275cd200-20fb-11f0-a404-3f45721a3750,Dichiarazione di accessibilità,Villalba
085022,javascript:void(0);,Open toolbar Tool di Accessibilità ,Villalba
086001,https://form.agid.gov.it/view/56082990-743c-11ef-a12c-23e1256ed097,Dichiarazione di accessibilità,Agira
086001,https://form.agid.gov.it/view/56082990-743c-11ef-a12c-23e1256ed097,Accessibilità,Agira
086002,https://form.agid.gov.it/view/0b5c21c0-79ba-11ef-bf72-21a38750c13e,DICHIARAZIONE DI ACCESSIBILITA',Aidone
086003,https://form.agid.gov.it/view/dea92510-7c11-11ef-b6e6-0163f50dd3b8,Dichiarazione di accessibilità,Assoro
086004,https://form.agid.gov.it/view/a13842a0-ad81-11ef-9020-4fee04a75b6b,Dichiarazione di accessibilità,Barrafranca
086005,https://form.agid.gov.it/view/5dab2670-773e-11ef-a4dd-23a70a181b22,Dichiarazione di accessibilità,Calascibetta
086006,https://form.agid.gov.it/view/691e81f0-7c11-11ef-a68f-dbc36b905a5c,Dichiarazione di accessibilità,Catenanuova
086007,https://form.agid.gov.it/view/12fd1c70-8196-11ef-91ae-e93b0b573aa7,Dichiarazione di accessibilità,Centuripe
086008,https://form.agid.gov.it/view/ade5bd20-f328-11ee-8ca1-7774ab777874,Dichiarazione di accessibilità,Cerami
086009,https://form.agid.gov.it/view/b580e761-e964-4de6-a0e1-7b94220cb00a,Dichiarazione di accessibilità,Enna
086009,https://form.agid.gov.it/view/429dc440-04b6-11f0-b2b0-9f6057f8ceb4,Obiettivi di accessibilità,Enna
086010,https://form.agid.gov.it/view/6dd1d3d0-7bf0-11ef-8fe4-ed428adcda5b,Dichiarazione di accessibilita',Gagliano Castelferrato
086011,https://form.agid.gov.it/view/78154870-95d8-11ef-ad01-e5eb3c258192,Dichiarazione di accessibilità,Leonforte
086012,https://form.agid.gov.it/view/3ec9b430-79c1-11ef-b804-fb77f4239dfc,Dichiarazione di accessibilità,Nicosia
086013,https://form.agid.gov.it/view/dd280060-e469-11ef-8ce3-cf57ce3f69bc,Dichiarazione di accessibilità,Nissoria
086014,https://form.agid.gov.it/view/2151ba30-864e-11ef-89b0-298752c36f54,Dichiarazione di accessibilità,Piazza Armerina
086015,https://form.agid.gov.it/view/1fa8933a-8b3b-43ed-b664-442fee29932d/,Dichiarazione di accessibilità,Pietraperzia
086016,https://form.agid.gov.it/view/d929bdf0-0e1c-11f0-b3ea-1b8082a8c26d,Dichiarazione di accessibilità,Regalbuto
086016,/it/sezione/page/accessibilita,Accessibilità,Regalbuto
086017,https://form.agid.gov.it/view/16f997d0-b9fb-11ee-ac56-7b567b1d5ae1,Dichiarazione di accessibilità,Sperlinga
086017,https://form.agid.gov.it/view/186f8410-e860-11ee-b9b1-65ddf3a2d3c5,Obiettivi di accessibilità,Sperlinga
086018,https://form.agid.gov.it/view/d9ab39b0-f28a-11ee-a85c-1f35598737a0,Dichiarazione di accessibilità,Troina
086018,https://form.agid.gov.it/view/d9ab39b0-f28a-11ee-a85c-1f35598737a0,Accessibilità,Troina
086020,https://form.agid.gov.it/view/1b8aa490-27cb-11ef-8d88-2f52cb388a70,Dichiarazione di accessibilità,Villarosa
086020,https://www.comune.villarosa.en.it/feedback-accessibilita/,Feedback accessibilità,Villarosa
086020,https://form.agid.gov.it/view/633354fb-4462-493c-bec3-4df2895b7736,Dichiarazione di accessibilità App (iOS),Villarosa
086020,https://form.agid.gov.it/view/dbd77dd0-1594-4ece-990a-a0b76b377c8b,Dichiarazione di accessibilità App (Android),Villarosa
087001,https://form.agid.gov.it/view/831f1f80-6685-4fb8-ab22-1a9760d472ab,Accessibilità,Aci Bonaccorsi
087001,https://form.agid.gov.it/view/8f74d880-edbf-11ee-9644-13329f50991e,Obiettivi accessibilità,Aci Bonaccorsi
087003,https://form.agid.gov.it/view/b350f8e0-f356-11ef-8dd5-c309200c2e42,Dichiarazione di accessibilità,Aci Catena
087004,https://form.agid.gov.it/view/9258f760-bd1d-11ef-866e-a9bb2714a38d,Dichiarazione di accessibilità,Acireale
087004,https://form.agid.gov.it/view/9258f760-bd1d-11ef-866e-a9bb2714a38d,Accessibilità,Acireale
087005,/it-it/accessibilita,Dichiarazione di accessibilità,Aci Sant'Antonio
087006,https://form.agid.gov.it/view/33479f20-7ca3-11ef-9cab-035c75f9d491,Dichiarazione di accessibilità,Adrano
087006,https://www.comune.adrano.ct.it/feedback-accessibilita/,Feedback accessibilità,Adrano
087007,https://form.agid.gov.it/view/f48fd7d0-ce5e-11ef-a055-d18dc1616607,Dichiarazione di accessibilità,Belpasso
087007,https://form.agid.gov.it/view/f48fd7d0-ce5e-11ef-a055-d18dc1616607,Accessibilità,Belpasso
087008,https://form.agid.gov.it/view/bb227eb0-2fb9-11ef-aae6-b93b24257894,Dichiarazione di accessibilità,Biancavilla
087008,https://form.agid.gov.it/view/bb227eb0-2fb9-11ef-aae6-b93b24257894,Accessibilità,Biancavilla
087009,https://servizionline.comune.bronte.ct.it/urbi/progs/urp/ur1UR033.sto?DB_NAME=wt00036829," Amministrazione Trasparente L'Amministrazione Trasparente del Comune è la sezione online dove vengono pubblicati documenti e dati per garantire accessibilità, trasparenza e prevenzione della corruzione.",Bronte
087009,https://cloud.urbi.it/urbi/progs/urp/ur1UR033.sto?DB_NAME=wt00036829&NodoSel=83," Regolamenti e Statuto La sezione Regolamenti e Statuto raccoglie le norme che disciplinano l'organizzazione, il funzionamento e i servizi del Comune, garantendo trasparenza e accessibilità ai cittadini.",Bronte
087009,https://form.agid.gov.it/view/984152c0-ff27-11ef-adcd-0755f491fdb5,Dichiarazione di accessibilità,Bronte
087009,javascript:void(0);,Open toolbar Tool di Accessibilità ,Bronte
087010,http://comune.calatabiano.ct.it/meccanismo-di-feedback-per-ricevere-le-segnalazioni-dagli-utenti-del-sito/,Feedback accessibilità,Calatabiano
087011,https://form.agid.gov.it/view/6d360d90-74e0-11ef-8f3f-4bab55fb1db4,Dichiarazione di accessibilità,Caltagirone
087011,/it/sezione/page/accessibilita,Accessibilità,Caltagirone
087012,https://servizionline.comune.camporotondoetneo.ct.it/urbi/progs/urp/ur1UR033.sto?DB_NAME=wt00029826," Amministrazione Trasparente L'Amministrazione Trasparente del comune è una sezione online che pubblica documenti, informazioni e dati per garantire trasparenza, legalità e accessibilità sulle attività e decisioni dell'ente pubblico.",Camporotondo Etneo
087012,https://form.agid.gov.it/view/8e69ada0-0bb2-11f0-ae5e-03932e8acabe,Dichiarazione di accessibilità,Camporotondo Etneo
087012,javascript:void(0);,Open toolbar Tool di Accessibilità ,Camporotondo Etneo
087013,https://form.agid.gov.it/view/cc7ad530-0bba-11f0-96ae-e78cbf9a9359,Dichiarazione di accessibilità,Castel di Iudica
087013,https://form.agid.gov.it/view/4ef2b440-ec33-11ee-b018-2fa68f1152d9,Accessibilità,Castel di Iudica
087014,#,Dichiarazione di accessibilità,Castiglione di Sicilia
087015,https://form.agid.gov.it/view/e7e991a0-79aa-11ef-9314-1b0b717ea709/,Dichiarazione di accessibilità,Catania
087016,https://form.agid.gov.it/view/42fc0490-7692-11ef-9884-91a81f35a46b,Dichiarazione di accessibilità,Fiumefreddo di Sicilia
087017,https://form.agid.gov.it/view/fa8368c0-beb8-11ee-9710-11c1ac7f90d0,Dichiarazione di accessibilità,Giarre
087018,https://form.agid.gov.it/view/c474a110-f36c-11ef-9db2-2f28b77edab3,Dichiarazione di accessibilità,Grammichele
087019,https://form.agid.gov.it/view/0bd8ea10-66ba-11ef-909a-172c346e2883,Dichiarazione di accessibilità,Gravina di Catania
087019,https://form.agid.gov.it/view/0bd8ea10-66ba-11ef-909a-172c346e2883,Accessibilità,Gravina di Catania
087020,https://form.agid.gov.it/view/3548c100-0e48-11f0-892d-9d6d3143bad8,Dichiarazione di accessibilità,Licodia Eubea
087020,https://form.agid.gov.it/view/013b4b70-0e49-11f0-b977-85e9fe9a602b,Obiettivi di accessibilità,Licodia Eubea
087021,http://onlinepa.info/?page=moduli&mod=6&ente=42," Amministrazione Trasparente L'Amministrazione Trasparente del comune è una sezione online che pubblica documenti, informazioni e dati per garantire trasparenza, legalità e accessibilità sulle attività e decisioni dell'ente pubblico.",Linguaglossa
087021,https://form.agid.gov.it/view/e5cfcba0-ffec-11ef-b4a2-450bae1dc3bf,Dichiarazione di accessibilità,Linguaglossa
087021,javascript:void(0);,Open toolbar Tool di Accessibilità ,Linguaglossa
087022,https://form.agid.gov.it/view/a0789600-bdf1-11ef-a06e-2773936b371a,Dichiarazione di accessibilità,Maletto
087023,https://form.agid.gov.it/view/9e7ce3c0-bf5e-11ee-bc27-87be3c5d4cdd,Dichiarazione di accessibilità,Mascali
087024,https://form.agid.gov.it/view/0d037d80-fa8d-11ef-bbb9-e98247dbb401,Dichiarazione di accessibilità,Mascalucia
087024,https://form.agid.gov.it/view/4fa1a0d0-7028-11ef-8f75-7310da9f7b17,Accessibilità,Mascalucia
087026,https://form.agid.gov.it/view/6c94a430-8649-11ef-b799-07805a3d40c7,Dichiarazione di accessibilità,Milo
087027,https://form.agid.gov.it/view/4a1caa80-7be3-11ef-9f3a-cf8694bdd0f2,Agid Form - Dichiarazione di accessibilità,Mineo
087029,https://form.agid.gov.it/view/c7d72fc0-860d-11ef-b411-47a345df89f5,Dichiarazione di Accessibilità,Misterbianco
087030,https://form.agid.gov.it/view/ed010603-a059-41ad-bb04-de19d8a77e29/,Dichiarazione di accessibilità,Motta Sant'Anastasia
087031,https://form.agid.gov.it/view/0de6df90-772e-11ef-b347-39d555193656,Dichiarazione di accessibilità,Nicolosi
087031,https://form.agid.gov.it/view/ca6a6a20-15de-11f0-89ab-8920164b7f44,Obiettivi di accessibilità,Nicolosi
087032,https://form.agid.gov.it/view/052a0f90-0a1c-11f0-8fa5-75ed6efe94d8,Dichiarazione di accessibilità,Palagonia
087033,https://form.agid.gov.it/view/22b4bea0-0fa0-11f0-b381-4596267a51f6,Dichiarazione di accessibilità,Paternò
087033,https://www.comune.paterno.ct.it/it/accessibility,Accessibilità,Paternò
087034,https://form.agid.gov.it/view/9d6e68d0-79cd-11ef-897b-dbb76ffcab73,Dichiarazione di accessibilità,Pedara
087034,https://form.agid.gov.it/view/9d6e68d0-79cd-11ef-897b-dbb76ffcab73,Accessibilità,Pedara
087035,https://form.agid.gov.it/view/ad5817f0-7752-11ef-a621-4965d22f90f5,Dichiarazione di accessibilità,Piedimonte Etneo
087035,/it/sezione/page/accessibilita,Accessibilità,Piedimonte Etneo
087036,/it-it/accessibilita,Dichiarazione di accessibilità,Raddusa
087037,https://form.agid.gov.it/view/41b00d10-eeb6-11ef-9def-a36facaf05a9,Dichiarazione di accessibilità,Ramacca
087038,https://form.agid.gov.it/view/16c9e910-0020-11f0-afd3-35d60f7e1e02,Dichiarazione di accessibilità,Randazzo
087039,https://www.comune.riposto.ct.it/it/accessibility,Accessibilità,Riposto
087040,https://form.agid.gov.it/view/26118a70-7990-11ef-b864-1badec5a719d,Dichiarazione di accessibilità,San Cono
087041,https://form.agid.gov.it/view/b7fe1760-c675-11ee-bbe4-3f45423a0867,Dichiarazione di accessibilità,San Giovanni la Punta
087042,https://form.agid.gov.it/view/9c542430-8301-11ee-b248-11c02feae02e,Dichiarazione di accessibilità,San Gregorio di Catania
087042,https://form.agid.gov.it/view/9c542430-8301-11ee-b248-11c02feae02e,Accessibilità,San Gregorio di Catania
087043,https://form.agid.gov.it/view/1c16bb00-8d17-11ee-bc16-1b27babe9b05,Dichiarazione di accessibilità,San Michele di Ganzaria
087045,https://form.agid.gov.it/view/06e30209-a35a-44ce-8afb-8d8ec7589142,Obiettivi di accessibilità,Sant'Agata li Battiati
087046,https://form.agid.gov.it/view/fdd08fd0-e7a8-11ee-91c0-f5fd055b669a,Obiettivi di accessibilità 2024,Sant'Alfio
087046,https://form.agid.gov.it/view/834aff20-032c-11f0-be5a-ad8981226c6e,Obiettivi di Accessibilità,Sant'Alfio
087046,https://form.agid.gov.it/view/d415ad90-7cb5-11ef-b8d8-c757f2d9eeeb,Dichiarazione di accessibilità,Sant'Alfio
087047,https://form.agid.gov.it/view/fe3382f3-e64f-4ba7-b1e5-8693da4c93a7,Dichiarazione di accessibilità,Santa Maria di Licodia
087047,https://form.agid.gov.it/view/fe3382f3-e64f-4ba7-b1e5-8693da4c93a7,Accessibilità,Santa Maria di Licodia
087048,https://ww2.gazzettaamministrativa.it/opencms/opencms/_gazzetta_amministrativa/amministrazione_trasparente/_sicilia/_santa_venerina," Amministrazione Trasparente L'Amministrazione Trasparente del comune è una sezione online che pubblica documenti, informazioni e dati per garantire trasparenza, legalità e accessibilità sulle attività e decisioni dell'ente pubblico.",Santa Venerina
087048,https://cloud.urbi.it/urbi/progs/urp/solhome.sto?DB_NAME=wt00034955," Portale pagamenti – Servizi al cittadino Il Portale Pagamenti – Servizi al cittadino offre una piattaforma online per effettuare pagamenti di tributi, multe e altri servizi, semplificando le transazioni e migliorando l'accessibilità.",Santa Venerina
087048,https://form.agid.gov.it/view/c21293f0-0ef1-11f0-9715-e16af4f00782,Dichiarazione di accessibilità,Santa Venerina
087048,javascript:void(0);,Open toolbar Tool di Accessibilità ,Santa Venerina
087049,https://form.agid.gov.it/view/fa880670-2026-11f0-954f-2184837fdad7,Dichiarazione di accessibilità,Scordia
087050,https://trasparenza.comune.trecastagni.ct.it/trecastagni/po/il-comune-informa.php?x=,Amministrazione trasparente La trasparenza è accessibilità totale ai dati e ai documenti in possesso della pubblica amministrazione,Trecastagni
087050,https://form.agid.gov.it/view/d877c690-53e1-11ef-abf9-718fd9b95837,Dichiarazione di accessibilità,Trecastagni
087051,https://form.agid.gov.it/view/975dfab0-1da6-11ef-b410-af27417052ab,Dichiarazione di accessibilità,Tremestieri Etneo
087052,https://valverde.halleyegov.it/,Dichiarazione di accessibilità,Valverde
087053,https://form.agid.gov.it/view/7650a9b0-0d4f-11ef-bf1b-0b3291b8878e,Dichiarazione di accessibilità,Viagrande
087054, https://form.agid.gov.it/view/68d1ebf0-1d03-11ef-94ae-43e1003aeeda,Dichiarazione di accessibilità,Vizzini
087055,https://form.agid.gov.it/view/ab52a770-b3b4-11ee-a91f-494cc48b00d5,Dichiarazione di accessibilità,Zafferana Etnea
087055,https://form.agid.gov.it/view/ab52a770-b3b4-11ee-a91f-494cc48b00d5,Accessibilità,Zafferana Etnea
087056,https://form.agid.gov.it/view/d8942ca0-92b5-11ef-b736-b5143e13fef4,Dichiarazione di accessibilità,Mazzarrone
087057,https://form.agid.gov.it/view/63a5f631-592e-43db-a3fa-5ebf27129c93/,Dichiarazione di accessibilità,Maniace
087057,https://form.agid.gov.it/view/63a5f631-592e-43db-a3fa-5ebf27129c93,Accessibilità,Maniace
088001,https://form.agid.gov.it/view/f7a7ef90-f8d7-11ef-b0a3-658e9deee7cd,Dichiarazione di accessibilità,Acate
088001,https://form.agid.gov.it/view/5ca44d62-e49a-48cd-acaf-bba0405b43b7,Accessibilità,Acate
088002,https://form.agid.gov.it/view/8d3b74e0-ed08-11ef-bd8d-77fbd3c974c5,Dichiarazione di accessibilità,Chiaramonte Gulfi
088003,https://form.agid.gov.it/view/b4edb870-75a0-11ef-8837-bb872369122d,Dichiarazione di accessibilità,Comiso
088003,https://form.agid.gov.it/view/9cceed30-106a-11f0-9fc4-47139f19661b,Obiettivi di accessibilità,Comiso
088005,/it/sezione/page/accessibilita,Accessibilità,Ispica
088007,https://comune.monterossoalmo.rg.it/feedback-di-accessibilita/,Feedback di accessibilità,Monterosso Almo
088009,https://form.agid.gov.it/view/48742eb0-0afe-11f0-979b-cb1406699abb,Dichiarazione di accessibilità,Ragusa
088009,https://form.agid.gov.it/view/dadda760-ae54-11ef-a2e6-4fd4ca3c1ae2,Accessibilità,Ragusa
088010,https://form.agid.gov.it/view/8abdc160-772d-11ef-93ab-c543e4780b63,Dichiarazione di accessibilità,Santa Croce Camerina
088011,https://form.agid.gov.it/view/ce762090-7a5d-11ef-9787-cb64775ec790 ,Dichiarazione di accessibilita',Scicli
089001,https://form.agid.gov.it/view/d8902c20-a036-11ef-b613-75186ef81d4f,Accessibilità,Augusta
089002,https://form.agid.gov.it/view/994f7dd0-0ed2-11f0-baf7-db07e691446d,Dichiarazione di accessibilità,Avola
089003,https://form.agid.gov.it/view/29e367e0-c9a5-11ee-81c5-df3b5ef1ef86,Dichiarazione di accessibilità,Buccheri
089004,https://form.agid.gov.it/view/770dddb2-2e08-4a36-9597-c2cecef72bd5/,Accessibilità,Buscemi
089005,https://form.agid.gov.it/view/32fd4cb0-0c76-11ef-9c7c-9304dc58aeed ,Dichiarazione di accessibilità,Canicattini Bagni
089006,https://cloud.urbi.it/urbi/progs/urp/ur1UR033.sto?DB_NAME=wt00034194," Amministrazione Trasparente L'Amministrazione Trasparente del comune è una sezione online che pubblica documenti, informazioni e dati per garantire trasparenza, legalità e accessibilità sulle attività e decisioni dell'ente pubblico.",Carlentini
089006,https://archivio.comune.carlentini.sr.it/amministrazione-trasparente/," Amministrazione Trasparente L'Amministrazione Trasparente del comune è una sezione online che pubblica documenti, informazioni e dati per garantire trasparenza, legalità e accessibilità sulle attività e decisioni dell'ente pubblico. Fino al 16 ottobre 2022.",Carlentini
089006,https://form.agid.gov.it/view/251965a0-fb33-11ef-a73e-e5510f4f141c,Dichiarazione di accessibilità,Carlentini
089006,javascript:void(0);,Open toolbar Tool di Accessibilità ,Carlentini
089007,https://form.agid.gov.it/view/536c48f0-b6eb-11ef-a71a-930ee38b8d5b,Dichiarazione di accessibilità,Cassaro
089007,https://form.agid.gov.it/view/be60e3d8-450b-4ead-ba7d-f6c98666ff52,Obiettivi di Accessibilità 2023,Cassaro
089007,https://www.comune.cassaro.sr.it/feedback-di-accessibilita/,Feedback di accessibilità,Cassaro
089008,https://www.comune.ferla.sr.it/feedback-accessibilita/,Feedback accessibilità,Ferla
089008,https://form.agid.gov.it/view/beb08550-7a95-11ef-95ba-a59c7efce313,Dichiarazione di accessibilità,Ferla
089008,https://www.comune.ferla.sr.it/feedback-accessibilita/,Feedback accessibilità,Ferla
089010,https://form.agid.gov.it/view/c299ac76-6d08-4c34-9957-00519dde4ea9,Dichiarazione di accessibilità,Francofonte
089011,https://form.agid.gov.it/view/63f9f4d0-6c25-11ef-a3b5-d926043e7c7d,Dichiarazione di accessibilità,Lentini
089013,https://form.agid.gov.it/view/324d4ce0-00b6-11f0-9492-515dfdb74a7c,Dichiarazione di accessibilità,Noto
089013,https://www.comune.noto.sr.it/it/accessibility,Accessibilità,Noto
089014,https://form.agid.gov.it/view/2ab25a30-0b9c-11ef-8342-8f3dab49365f,Dichiarazione di accessibilità,Pachino
089015,https://form.agid.gov.it/view/23012400-8b95-11ef-8a54-2d33ef7d9d6d,Dichiarazione di accessibilità,Palazzolo Acreide
089016,/rosolini/zf/index.php/servizi-aggiuntivi/index/index/idtesto/21375,Feedback Accessibilità,Rosolini
089017,https://form.agid.gov.it/view/4305c970-05a9-11f0-a40a-b5aed0142b26,Dichiarazione di accessibilità,Siracusa
089017,https://form.agid.gov.it/view/06dada90-e79a-11ee-94a8-a7b672f94627,Obiettivi di accessibilità,Siracusa
089018,https://form.agid.gov.it/view/f08cace0-75bb-11ef-bf95-55ae99256d83,Dichiarazione di accessibilità,Solarino
089019,/zf/index.php/servizi-aggiuntivi/index/index/idtesto/26,Dichiarazione di Accessibilità,Sortino
089020,https://form.agid.gov.it/view/a9d00110-aca4-11ef-8825-8dfe0aaf6397,Dichiarazione di accessibilità,Portopalo di Capo Passero
089021,http://88.41.50.14/priologargallo/zf/index.php/trasparenza/index/index/categoria/0, Amministrazione Trasparente Amministrazione Trasparente del comune è una sezione online che pubblica dati e documenti per garantire la trasparenza e l'accessibilità delle informazioni amministrative. Fino al 17/11/2020.,Priolo Gargallo
089021,http://servizionline.comune.priologargallo.sr.it/urbi/progs/urp/ur1UR033.sto?DB_NAME=wt00032598, Amministrazione Trasparente Amministrazione Trasparente del comune è una sezione online che pubblica dati e documenti per garantire la trasparenza e l'accessibilità delle informazioni amministrative. Dal 18/11/2020.,Priolo Gargallo
089021,https://form.agid.gov.it/view/155f5ec0-1146-11f0-8892-d7f052319ef9,Dichiarazione di accessibilità,Priolo Gargallo
089021,javascript:void(0);,Open toolbar Tool di Accessibilità ,Priolo Gargallo
